{
    "intents": [
      {
        "tag": "greeting",
        "patterns": [
          "Hi",
          "Hey",
          "Is anyone there?",
          "Hello",
          "Good day"
        ],
        "responses": [
          "Hey, Enter the lead score?",
          "Hi there, Enter the lead score you require?"
        ]
      },
      {
        "tag": "goodbye",
        "patterns": ["Bye", "See you later", "Goodbye"],
        "responses": [
          "See you later, thanks you",
          "Have a nice day!",
          "Bye! Come back again soon."
        ]
      },
      {
        "tag": "thanks",
        "patterns": ["Thanks", "Thank you", "That's helpful", "Thank's a lot!"],
        "responses": ["Happy to help!", "Any time!", "My pleasure"]
      },
      {
        "tag": "one",
        "patterns": [
          "1",
          "one"
        ],
        "responses": [
          "Here are the top leads for real estate: \n \n - dolly__637sahil \n - punjabikudi24234sahil \n - promotion_carzsahil, \n - jannat_56sahil, \n - military_loverz, \n - nehu_mayank, \n - venom_poison_022"
        ]
      },
      {
        "tag": "two",
        "patterns": [
          "2",
          "two"
        ],
        "responses": [
          "Here are the second best leads for real estate: \n \n _blacksuccesshub_ \n"
        ]
      },
      {
        "tag": "three",
        "patterns": [
          "3",
          "third"
        ],
        "responses": [
          "Here are the leads for real estate with score 3: \n \n -  jess_strong82 \n - ahmccoy2018 \n"
        ]
      },
      {
        "tag": "four",
        "patterns": [
          "4",
          "four"
        ],
        "responses": [
          "Here are the leads for real estate with score 4: \n \n - army55chirag \n - mehra55ashwani \n - neha33chirag, \n - kiratgill556, \n - mahibrar406, \n - kiratgill1729, \n - gurpreetkour524"
        ]
      }
      
    

      
    ]
}